"","gender","average_score"
"1","female",-0.802761056447807
"2","male",-0.775267824024196
"3",NA,-0.859177095626181
